{"_step":660,"train/step_loss":152.42860412597656,"_wandb":{"runtime":36},"_runtime":36.952763745,"train/lr":5.999999999999999e-06,"gpu/mem_GB":2.346713088,"_timestamp":1.7765264653596394e+09}